product,trends_score,reddit_score,youtube_score,news_score
Air Jordan 11,33.11450381679389,44,2854358,96
Nvidia RTX 5090,9.385496183206106,4812,15542048,100
Owala FreeSip,11.65648854961832,3780,1722224,27
PS5 Pro,10.225190839694656,41159,3643056,98
iPhone 17,4.362595419847328,12814,8674851,99
