product,trends_score,reddit_score,youtube_score,news_score,momentum_score,trend_label
Air Jordan 11,33.11450381679389,44,2854358,96,0.0,📉 Losing Hype
Nvidia RTX 5090,9.385496183206106,4812,15542048,100,29.166666666666668,📉 Losing Hype
Owala FreeSip,11.65648854961832,3780,1722224,27,100.0,🔥 Trending Up
PS5 Pro,10.225190839694656,41159,3643056,98,12.5,📉 Losing Hype
iPhone 17,4.362595419847328,12814,8674851,99,19.444444444444443,📉 Losing Hype
