product,trends_score,score,comments,reddit_score,view_count,like_count,comment_count,youtube_score,news_score
Air Jordan 11,33.11450381679389,3284,1111,4395,2879391,111771,3101,2994263,96
Nvidia RTX 5090,9.385496183206106,14788,6533,21321,14985368,526589,30091,15542048,100
Owala FreeSip,11.65648854961832,23348,3323,26671,1839405,22316,1408,1863129,27
PS5 Pro,10.225190839694656,32748,34042,66790,3563703,64684,14669,3643056,98
iPhone 17,4.362595419847328,25906,6491,32397,8444558,221355,8938,8674851,99
